Sample Size,Trial 1,Trial 2,Trial 3,Trial 4,Trial 5,Trial 6,Trial 7,Trial 8,Trial 9,Trial 10
5000,0.24216805696487426,0.3932209769884745,0.5041832804679871,0.5464003483454387,0.5060719927151998,0.5486953814824422,0.4193601528803507,0.5855608264605204,0.6060670375823975,0.780283510684967
10000,0.1883858323097229,0.4847449978192648,0.42208282550175985,0.49092590808868414,0.5382328351338704,0.5176322102546692,0.4566630442937215,0.5438883264859518,0.7472317894299825,0.6526045600573221
20000,0.23313185771306358,0.4477201739947001,0.5111133972803752,0.47603898445765175,0.4657047510147095,0.4613383849461873,0.4676680525143941,0.5110020279884339,0.5101298213005065,0.5581589619318644
50000,0.3210750699043274,0.32304365634918214,0.7139107823371887,0.6996041536331177,0.7269213120142618,0.6976197401682536,0.6375849485397339,0.7147112290064495,0.7956037640571595,0.7452012340227763
100000,0.5440919081370035,0.5410773317019145,1.1747715870539348,1.3884066383043925,1.2403067588806154,1.106634791692098,1.2078259905179343,1.2490837772687275,1.3075379252433776,1.3603654901186624
200000,1.0656320850054424,2.010802257061005,2.1206782778104145,2.2241887489954633,1.8582576036453249,2.3863807479540506,1.1842898686726888,2.2816835323969524,2.1114997466405234,2.410749657948812
291273,1.5257860938707988,3.254300053914388,3.438774442672729,3.834109409650167,3.4406227588653566,2.8929402470588688,3.2001340627670287,3.217841776212057,3.1824733932813007,3.1300707221031185
